ConfLbl,ComSourLbl,abs_delta_VA,count,count_total,ratio
High,Common,8,8559,13551,63.161390303298646
Medium,Common,8,3621,13551,26.721275182643346
Low,Common,8,1371,13551,10.117334514058003
High,Common,0,8361,11956,69.93141518902644
Medium,Common,0,2878,11956,24.071595851455335
Low,Common,0,717,11956,5.996988959518233
High,Separate,16,7697,10131,75.97473102359096
Medium,Separate,16,1625,10131,16.03987760339552
Low,Separate,16,809,10131,7.985391373013523
High,Separate,24,5192,5901,87.9850872733435
Medium,Separate,24,508,5901,8.60871038806982
Low,Separate,24,201,5901,3.40620233858668
High,Separate,8,3006,6033,49.82595723520637
Medium,Separate,8,1711,6033,28.360682910658046
Low,Separate,8,1316,6033,21.813359854135587
High,Common,16,1636,2925,55.93162393162393
Medium,Common,16,810,2925,27.692307692307693
Low,Common,16,479,2925,16.376068376068375
High,Separate,0,412,1100,37.45454545454546
Medium,Separate,0,395,1100,35.90909090909091
Low,Separate,0,293,1100,26.636363636363637
High,Common,24,273,627,43.54066985645933
Medium,Common,24,180,627,28.708133971291865
Low,Common,24,174,627,27.751196172248804
High,Total,8,11565,19584,59.05330882352941
Medium,Total,8,5332,19584,27.22630718954248
Low,Total,8,2687,19584,13.720383986928105
High,Total,16,9333,13056,71.484375
Medium,Total,16,2435,13056,18.650428921568626
Low,Total,16,1288,13056,9.865196078431373
High,Total,0,8773,13056,67.1951593137255
Medium,Total,0,3273,13056,25.06893382352941
Low,Total,0,1010,13056,7.735906862745098
High,Total,24,5465,6528,83.71629901960785
Medium,Total,24,688,6528,10.53921568627451
Low,Total,24,375,6528,5.744485294117647
