"coef.value","std.err","df","t.value","p.value","effects","abs_delta_VA","ComSourLbl"
0.0160559488310353,0.0745730028226129,45.8098385494827,0.215305113423254,0.830485163260129,0.0160559488310353,0,"Common"
-0.234205879947373,0.11835683090158,45687.999962496,-1.97881168465998,0.0478432074346868,-0.218149931116338,0,"Separate"
0.544933905128456,0.0651544000216339,45607.3805393365,8.36373145862007,6.24629244930998e-17,0.560989853959491,8,"Separate"
0.96465383959302,0.0508367173568678,45686.3956824637,18.975533625062,5.52534279571376e-80,0.980709788424056,8,"Common"
1.32869689821026,0.0529209482574578,45687.0068196721,25.1072012494224,3.6034605556047e-138,1.3447528470413,16,"Separate"
1.71741726565103,0.0813717623519672,45176.3510341597,21.1058138107232,2.10412981420144e-98,1.73347321448207,16,"Common"
1.5621674864536,0.0595441979372754,45672.6347657887,26.2354274735418,1.37644070191355e-150,1.57822343528464,24,"Separate"
2.55954773280148,0.155999064102429,45397.5267266429,16.407455695509,2.52456383804383e-60,2.57560368163251,24,"Common"
-0.00367647058858641,0.0810382762018317,42.2844333059274,-0.0453670877626999,0.96402829442796,-0.00367647058858641,0,"Total"
0.850251906318124,0.0449923986655136,45658.9994138018,18.8976789754896,2.39660865566199e-79,0.846575435729538,8,"Total"
1.44060749299725,0.0479217369308892,45658.9994077395,30.0616710757966,1.28118332380653e-196,1.43693102240866,16,"Total"
1.67769607843142,0.0567017638055704,45658.9994091346,29.5880756758153,1.35364272790746e-190,1.67401960784284,24,"Total"
