"coef.value","std.err","df","t.value","p.value","effects","confLvl","abs_delta_VA","ComSourLbl","ConfLbl"
-0.0307022091079177,0.0701558265863845,64.0762545922705,-0.437628784404862,0.663127012216921,-0.0307022091079177,3,0,"Common","High"
-0.946511296924589,0.222458530030003,52159.509287091,-4.25477637021575,2.09622607001362e-05,-0.977213506032507,1,0,"Separate","Low"
0.378701336959701,0.147928646753125,51143.7225484807,2.56002704866022,0.0104692486988234,0.347999127851783,1,0,"Common","Low"
0.161805363895123,0.192071172496324,52199.8837167757,0.842423992065857,0.399554527896059,0.131103154787205,2,0,"Separate","Medium"
0.0947077860406085,0.0824078279527216,50858.609679689,1.1492571566738,0.250455363294556,0.0640055769326908,2,0,"Common","Medium"
0.0537982197841488,0.187970173748915,52195.3188241522,0.286206150216208,0.774721369377346,0.0230960106762311,3,0,"Separate","High"
0.729492066018872,0.111478323760474,52015.3429494198,6.54380189270051,6.05294918773899e-11,0.698789856910955,1,8,"Separate","Low"
0.892611479853108,0.110694693248644,51205.9644003987,8.06372422793669,7.55944185245923e-16,0.86190927074519,1,8,"Common","Low"
0.403062953780794,0.0996806584950946,52040.9489245949,4.0435422464693,5.27254202901746e-05,0.372360744672877,2,8,"Separate","Medium"
0.679184595172906,0.0756045724916989,51204.5048681733,8.98337987755275,2.71260661989894e-19,0.648482386064988,2,8,"Common","Medium"
0.563653303144969,0.0802234246997842,51815.125254025,7.02604389247028,2.15084482821052e-12,0.532951094037051,3,8,"Separate","High"
0.922325061703374,0.0575146314611677,52167.9406009895,16.0363552416415,9.79069751657316e-58,0.891622852595457,3,8,"Common","High"
1.72830011793681,0.138287130357669,52048.4803974783,12.4979100619609,8.62769310625142e-36,1.69759790882889,1,16,"Separate","Low"
1.51407432037342,0.177030602246664,51865.6465782587,8.55261350952075,1.23559564675116e-17,1.4833721112655,1,16,"Common","Low"
1.38371489328514,0.10170148501168,52103.1162820336,13.6056508233505,4.37496732127904e-42,1.35301268417722,2,16,"Separate","Medium"
1.35125280209316,0.138427696365922,52001.6959077053,9.76143385729135,1.72309164881864e-22,1.32055059298524,2,16,"Common","Medium"
1.09580377980247,0.0593795331046066,51986.7962404577,18.4542336813601,8.42894485368041e-76,1.06510157069455,3,16,"Separate","High"
1.87039027067345,0.10261093303431,51258.8452312917,18.2279822954932,5.30806165573039e-74,1.83968806156553,3,16,"Common","High"
3.14895192891226,0.26813033529007,52029.2092687174,11.7441091680494,8.30593202994183e-32,3.11824971980435,1,24,"Separate","Low"
2.59834266221221,0.291974200171531,50855.4409449767,8.89922007042304,5.80445632040959e-19,2.56764045310429,1,24,"Common","Low"
1.87557126683715,0.171432856738694,52112.4333610554,10.9405589017045,7.90726705393385e-28,1.84486905772923,2,24,"Separate","Medium"
2.82020464616768,0.282283031628724,52141.437888195,9.99069844863004,1.75744937482296e-23,2.78950243705976,2,24,"Common","Medium"
1.51325897510452,0.0660914525822326,52165.3872035249,22.8964399476875,1.87480028571247e-115,1.48255676599661,3,24,"Separate","High"
2.65972681873643,0.231130162202797,52037.655641201,11.5074847583188,1.31734123052636e-30,2.62902460962851,3,24,"Common","High"
-0.0329355227971758,0.0766818500244148,55.2419581348569,-0.429508714078879,0.669223702110468,-0.0329355227971758,3,0,"Total","High"
-0.00598850493910985,0.126844974526737,51482.787088405,-0.047211211649915,0.962345075006675,-0.0389240277362857,1,0,"Total","Low"
0.118562351247356,0.0781161918466886,51592.5646623478,1.51776921588866,0.129078715341736,0.0856268284501806,2,0,"Total","Medium"
0.829564930783716,0.0840846537205822,51561.7418764385,9.86583037542624,6.13541462512658e-23,0.796629407986541,1,8,"Total","Low"
0.606136995524557,0.0661160351104156,51679.9537421642,9.16777593381533,5.00050111773529e-20,0.573201472727381,2,8,"Total","Medium"
0.821793847757216,0.0527482643416173,52196.2064108228,15.5795429103596,1.33150143463496e-54,0.78885832496004,3,8,"Total","High"
1.63342653156688,0.113255742012492,51816.1598259828,14.4224610826948,4.61205082569988e-47,1.60049100876971,1,16,"Total","Low"
1.35752979953837,0.0864396330484616,52072.3229743474,15.7049463499838,1.87617033415455e-55,1.3245942767412,2,16,"Total","Medium"
1.24081943116996,0.0555362176873521,52210.9260366661,22.3425267841484,4.69368924863704e-110,1.20788390837278,3,16,"Total","High"
2.82938442404214,0.202491203818089,51104.9532110654,13.972875713574,2.75399366327179e-44,2.79644890124496,1,24,"Total","Low"
2.08026512591344,0.14898970210765,52149.1980568125,13.9624759059548,3.17323922808244e-44,2.04732960311627,2,24,"Total","Medium"
1.58293898027034,0.0643877692811745,52211.899815982,24.5844668629195,1.0566853340694e-132,1.55000345747316,3,24,"Total","High"
