"intr24","intr12_t"
-0.0368041322763231,-0.096221843280755
-0.262324271059118,-0.266606660722952
-0.461573687813226,-0.547976926063774
-0.223299007533259,-0.190518823919137
0.312931482334603,0.33977691655528
0.215006605080927,0.315979098781546
-0.189243305670203,-0.250685257476318
0.527506485951782,0.648537081144495
0.2435553199146,0.234273824599465
0.069673468971132,0.0343122412834788
0.0857980903611472,0.0371056765305045
0.667548580053182,0.747401923068773
0.281828345443049,0.352055059409936
-0.248743953914569,-0.282950499120347
-0.429700952672513,-0.428981315330676
-0.333189261636236,-0.352596603651602
-0.124031788629589,-0.165776288726642
0.305757645947276,0.330127039063578
0.0106149199165516,0.0316856848778421
0.290221405944997,0.375726219798381
-0.0564369651791348,-0.0699865071344367
-0.329876507286028,-0.3870633469951
-0.206607119565948,-0.255243946172752
0.357830890654177,0.382602540817256
-0.208778664376063,-0.279823111782376
0.764294123388451,0.965918261182108
-0.167292926279109,-0.246750350883252
-0.221072493296889,-0.303390421120276
-0.516456113484273,-0.514049411283156
0.1104944135105,0.0532081825151894
0.147817557861897,0.191826192127781
-0.17051215905206,-0.197241600977269
0.091669421459149,0.111298545790716
-0.296605447074013,-0.315971572914344
