"intr8_c_s","intr4_t"
-0.125332701931537,-0.146059179910731
-0.2329949868584,-0.226082191192494
-0.29432505703308,-0.311866976223597
-0.136426166567569,-0.135622796604942
0.248440804424121,0.256645588489394
0.304147003830772,0.334263641365314
-0.173901687200102,-0.18636921760072
0.169497422676632,0.192707193719178
0.199655580820383,0.203927931420023
0.0702705038509249,0.0666977269534212
-0.0242242932327649,-0.0325434033690241
0.260214694835743,0.276121265724485
0.395164119533878,0.414137861567893
-0.182995802124499,-0.201887917666345
-0.179018188953872,-0.177097523109263
-0.186346433402113,-0.188739498844093
-0.0593066954272224,-0.0607601030519498
0.276482569635839,0.278349574053522
-0.0662439136398941,-0.0625990205235955
0.0534775254572044,0.0752637475873772
0.0255833672774275,0.0225661538926192
-0.166994750467395,-0.17873515821701
-0.139658800026863,-0.15326701588382
0.137967085455751,0.143440076850823
-0.0366085233193854,-0.0456198037512057
0.348851766978549,0.38038964387539
-0.253722112376522,-0.277848438607286
-0.0532339375933949,-0.072518989640082
-0.31124790397096,-0.311566997803912
-0.040242373988921,-0.0559042589149281
0.268240335300153,0.277154315841831
-0.0679953658370442,-0.0702777835124756
0.0584903824824069,0.0653245819514596
-0.0856634686120001,-0.0916230288688816
