"randInt","randtruePos"
0.0051731668637696,0.000514218305946642
0.0051731668637696,0.000514218305946642
0.0051731668637696,0.000514218305946642
0.0051731668637696,0.000514218305946642
-0.0552684920596833,-0.00549370983166484
0.00905751205292549,0.000900314224747242
0.0051731668637696,0.000514218305946642
-0.0192211448142225,-0.00191060188465815
-0.0384879648700058,-0.00382574100731191
0.0141850036751348,0.00140999529269831
0.00128882167461371,0.000128122387146042
0.0129418572420816,0.00128641014354786
-0.0192211448142223,-0.00191060188465813
0.0141850036751346,0.00140999529269829
-0.0231054900033788,-0.00229669780345879
-0.0206191971372721,-0.00204952750515785
0.0051731668637696,0.000514218305946642
0.0295674785417621,0.00293903849655147
-0.00259552351454258,-0.000257973531654598
0.0297223844317591,0.00295437896790079
-0.0153367996250664,-0.00152450596585753
-0.0102093080028576,-0.0010148248979065
0.00128882167461351,0.000128122387146022
0.0103006584859785,0.00102389937389767
0.00128882167461331,0.000128122387146002
-0.0167348519481168,-0.00166343158635731
0.00128882167461371,0.000128122387146042
0.0141850036751346,0.00140999529269829
0.0180693488642906,0.00179609121149891
0.0051731668637696,0.000514218305946642
-0.00896616156980461,-0.000891239748756074
0.0141850036751346,0.00140999529269829
0.0129418572420812,0.00128641014354782
0.00905751205292549,0.000900314224747242
