m_id,sub_id,AIC,BIC,shift_update,C_readout,AV_readout,label
65,1,3608.82031037794,3652.74901112622,CI,p,MS,CI-Baye
69,2,3296.63978542252,3340.5684861708,CI,sdiff,MS,CI-sdiff
66,3,1754.7571396803,1798.68584042858,CI,xdiff,MA,CI-xdiff
65,4,5493.47730441132,5537.40600515959,CI,p,MS,CI-Baye
65,5,3967.94129358768,4011.86999433596,CI,p,MS,CI-Baye
65,6,3845.26600512959,3889.19470587787,CI,p,MS,CI-Baye
65,7,2768.5507267995,2812.47942754778,CI,p,MS,CI-Baye
67,8,3810.61857212899,3854.54727287727,CI,xdiff,MS,CI-xdiff
67,10,3560.71503351172,3604.64373426,CI,xdiff,MS,CI-xdiff
67,11,3872.76560852053,3916.69430926881,CI,xdiff,MS,CI-xdiff
69,12,3487.35621809918,3531.28491884746,CI,sdiff,MS,CI-sdiff
67,13,3744.49380934738,3788.42251009566,CI,xdiff,MS,CI-xdiff
67,15,4242.58498424909,4286.51368499737,CI,xdiff,MS,CI-xdiff
67,16,4969.91498576002,5013.84368650829,CI,xdiff,MS,CI-xdiff
67,17,1827.91615401199,1871.84485476026,CI,xdiff,MS,CI-xdiff
67,18,2909.55295626712,2953.4816570154,CI,xdiff,MS,CI-xdiff
67,19,2821.68381422951,2865.61251497778,CI,xdiff,MS,CI-xdiff
64,21,4334.05597650256,4377.98467725084,CI,p,MA,CI-Baye
67,24,3590.0920236116,3634.02072435988,CI,xdiff,MS,CI-xdiff
60,25,4965.39425555027,5009.32295629855,FR,p,na,SCC-Baye
65,26,4375.1032274941,4419.03192824238,CI,p,MS,CI-Baye
68,29,3352.01702877306,3395.94572952134,CI,sdiff,MA,CI-sdiff
61,31,2844.35986987745,2888.28857062573,FR,xdiff,na,SCC-xdiff
67,32,5143.07339811285,5187.00209886112,CI,xdiff,MS,CI-xdiff
66,34,2875.35582407557,2919.28452482384,CI,xdiff,MA,CI-xdiff
65,35,3801.81828338609,3845.74698413437,CI,p,MS,CI-Baye
64,36,3623.79541972503,3667.7241204733,CI,p,MA,CI-Baye
64,37,3132.70300918068,3176.63170992896,CI,p,MA,CI-Baye
65,38,4861.91503478553,4905.84373553381,CI,p,MS,CI-Baye
69,39,2937.24630806701,2981.17500881529,CI,sdiff,MS,CI-sdiff
69,41,4377.30237691154,4421.23107765982,CI,sdiff,MS,CI-sdiff
61,43,2987.92573472469,3031.85443547297,FR,xdiff,na,SCC-xdiff
67,44,3887.24449039614,3931.17319114442,CI,xdiff,MS,CI-xdiff
69,45,3552.13986583154,3596.06856657982,CI,sdiff,MS,CI-sdiff
