m_id,sub_id,AIC,BIC
87,1,7303.70448521037,7358.61536114572
87,2,6926.30358502249,6981.21446095784
87,3,3692.5884633145,3747.49933924984
87,4,7846.23987369003,7901.15074962538
87,5,6573.73428165079,6628.64515758613
87,6,6622.71566745512,6677.62654339047
87,7,5310.81615132799,5365.72702726334
87,8,6847.04542926935,6901.9563052047
87,10,7180.81311796982,7235.72399390517
87,11,7398.10576539959,7453.01664133494
87,12,6916.85407180196,6971.76494773731
87,13,6389.2799954906,6444.19087142595
87,15,7264.66396157265,7319.574837508
87,16,7519.13894584566,7574.04982178101
87,17,4503.3792072741,4558.29008320945
87,18,6910.84091798983,6965.75179392518
87,19,5163.72609155423,5218.63696748957
87,21,8275.96771119284,8330.87858712819
87,24,7765.63095812233,7820.54183405768
87,25,7486.22947620689,7541.14035214224
87,26,6615.597449205,6670.50832514035
87,29,6700.19599484336,6755.10687077871
87,31,6146.85109657636,6201.76197251171
87,32,7399.01343861911,7453.92431455446
87,34,5619.6356774867,5674.54655342205
87,35,5310.86662046475,5365.7774964001
87,36,7161.72931663239,7216.64019256774
87,37,4621.96363777971,4676.87451371506
87,38,7674.59372645998,7729.50460239533
87,39,5974.65723506985,6029.5681110052
87,41,6765.00333223025,6819.91420816559
87,43,7048.62205159622,7103.53292753157
87,44,6397.406,6452.31687593535
87,45,6033.0926,6088.00347593535
88,1,7249.20851089893,7309.61047442781
88,2,7117.30296723562,7177.7049307645
88,3,3661.05727779537,3721.45924132425
88,4,8420.81886252624,8481.22082605512
88,5,6824.83849179221,6885.24045532109
88,6,7232.73902909641,7293.1409926253
88,7,5415.66578199899,5476.06774552787
88,8,7673.63531386304,7734.03727739193
88,10,7751.80775551299,7812.20971904188
88,11,7787.79343953739,7848.19540306627
88,12,7048.36613980902,7108.7681033379
88,13,7307.51558590108,7367.91754942997
88,15,8479.39730855581,8539.7992720847
88,16,8388.72572506297,8449.12768859185
88,17,4476.61593317816,4537.01789670705
88,18,6864.66427817308,6925.06624170196
88,19,5034.05381848191,5094.4557820108
88,21,8220.99476397592,8281.39672750481
88,24,8013.54397678768,8073.94594031656
88,25,8111.2933366754,8171.69530020428
88,26,6936.67242080015,6997.07438432903
88,29,6568.52696244833,6628.92892597721
88,31,6170.70098109462,6231.1029446235
88,32,8256.59621529607,8316.99817882496
88,34,5671.10722610028,5731.50918962916
88,35,6094.06331339537,6154.46527692425
88,36,7143.50509896911,7203.907062498
88,37,5779.43937784238,5839.84134137127
88,38,8327.95326089487,8388.35522442376
88,39,5883.56430728492,5943.9662708138
88,41,7625.11892378003,7685.52088730891
88,43,7066.8023278795,7127.20429140838
88,44,7247.4269511856,7307.82891471448
88,45,6218.85209269023,6279.25405621911
89,1,7371.08051170514,7431.48247523403
89,2,6787.91567703831,6848.31764056719
89,3,3656.58157682851,3716.98354035739
89,4,7858.81725091798,7919.21921444686
89,5,6778.62218686977,6839.02415039865
89,6,6717.49820993565,6777.90017346454
89,7,5315.33941464198,5375.74137817086
89,8,6921.0038780779,6981.40584160678
89,10,7395.56897902137,7455.97094255025
89,11,7963.56116733901,8023.96313086789
89,12,6834.42786023645,6894.82982376533
89,13,6528.56337870427,6588.96534223315
89,15,7407.3001548959,7467.70211842478
89,16,7653.72428624718,7714.12624977606
89,17,4467.60689270575,4528.00885623463
89,18,6949.3318459169,7009.73380944579
89,19,5107.93093757679,5168.33290110567
89,21,8235.2998038218,8295.70176735068
89,24,8005.91528065899,8066.31724418788
89,25,8215.12355166195,8275.52551519084
89,26,6715.40056979065,6775.80253331954
89,29,6606.42920278161,6666.83116631049
89,31,6183.7136524091,6244.11561593798
89,32,7451.10322047905,7511.50518400793
89,34,5588.92572382033,5649.32768734922
89,35,5648.29624422644,5708.69820775533
89,36,7233.73998051763,7294.14194404651
89,37,5309.73155019489,5370.13351372377
89,38,7693.02825994595,7753.43022347483
89,39,5854.54675270663,5914.94871623552
89,41,6918.60035539904,6979.00231892792
89,43,7097.50117075554,7157.90313428442
89,44,6517.1490250326,6577.55098856148
89,45,6071.79706795701,6132.19903148589
90,1,7514.86098892523,7569.77186486058
90,2,7164.70807967289,7219.61895560824
90,3,3703.1713929372,3758.08226887255
90,4,8278.89255479985,8333.8034307352
90,5,7141.07380366725,7195.9846796026
90,6,7536.30823710289,7591.21911303824
90,7,5422.00771879793,5476.91859473328
90,8,7997.87679421911,8052.78767015446
90,10,7776.72368774342,7831.63456367877
90,11,7920.71522608742,7975.62610202277
90,12,7132.77174493381,7187.68262086916
90,13,7356.51194981401,7411.42282574936
90,15,8772.37577322515,8827.2866491605
90,16,8588.79854339594,8643.70941933129
90,17,4481.62010854915,4536.5309844845
90,18,6977.50725131063,7032.41812724598
90,19,5036.66193647126,5091.5728124066
90,21,8372.24891423449,8427.15979016984
90,24,8153.27686327974,8208.18773921509
90,25,8781.12417894341,8836.03505487876
90,26,6965.63371261152,7020.54458854687
90,29,6411.20162485275,6466.1125007881
90,31,6190.361221913,6245.27209784834
90,32,8426.35241435043,8481.26329028578
90,34,4547.71325625641,4602.62413219176
90,35,6377.25436007477,6432.16523601012
90,36,7429.30014915217,7484.21102508751
90,37,5564.66785176556,5619.57872770091
90,38,8479.85073485269,8534.76161078804
90,39,5930.04903598673,5984.95991192208
90,41,7785.25551203096,7840.16638796631
90,43,7134.83001035197,7189.74088628732
90,44,7231.29868710512,7286.20956304047
90,45,6270.29961755192,6325.21049348727
91,1,6944.35668534722,6999.26756128257
91,2,6694.94786019758,6749.85873613292
91,3,3753.19736290091,3808.10823883626
91,4,7871.62034339549,7926.53121933083
91,5,6457.63423434443,6512.54511027978
91,6,6503.35987199355,6558.2707479289
91,7,4900.02079786624,4954.93167380159
91,8,6625.06324903617,6679.97412497152
91,10,6457.67943410841,6512.59031004376
91,11,7302.01722894475,7356.9281048801
91,12,6384.13719116654,6439.04806710188
91,13,5850.21809238757,5905.12896832292
91,15,6893.81766269866,6948.728538634
91,16,7384.57888256829,7439.48975850364
91,17,4576.980067343,4631.89094327835
91,18,6481.49626597342,6536.40714190877
91,19,4815.76807528756,4870.67895122291
91,21,7891.54898662833,7946.45986256368
91,24,7497.4739123807,7552.38478831605
91,25,7603.05360790301,7657.96448383836
91,26,6638.09423358787,6693.00510952322
91,29,6792.78963906795,6847.7005150033
91,31,6109.75134923664,6164.66222517199
91,32,7384.68405765792,7439.59493359327
91,34,5400.75668887604,5455.66756481139
91,35,5366.47852104354,5421.38939697889
91,36,6556.18224744405,6611.0931233794
91,37,5179.88192958266,5234.79280551801
91,38,7498.32801503312,7553.23889096847
91,39,5963.20380075435,6018.1146766897
91,41,6571.62429100114,6626.53516693649
91,43,6519.45873289123,6574.36960882657
91,44,5752.15168077979,5807.06255671514
91,45,5977.70921121174,6032.62008714709
92,1,7038.21806330076,7098.62002682964
92,2,6667.34555467693,6727.74751820581
92,3,3756.00711459153,3816.40907812041
92,4,7860.13194834895,7920.53391187783
92,5,6628.1360428599,6688.53800638878
92,6,6670.25999367353,6730.66195720241
92,7,4915.72943115426,4976.13139468314
92,8,6913.05975597658,6973.46171950546
92,10,6708.01130432764,6768.41326785653
92,11,7350.61620364879,7411.01816717767
92,12,6478.8321471785,6539.23411070738
92,13,6096.69361302752,6157.0955765564
92,15,7207.56629348293,7267.96825701182
92,16,7535.49102700557,7595.89299053446
92,17,4587.0528,4647.45476352888
92,18,6787.69483301399,6848.09679654287
92,19,4899.46313432498,4959.86509785387
92,21,7954.26928079815,8014.67124432703
92,24,7857.19561134032,7917.5975748692
92,25,8342.67395199117,8403.07591552006
92,26,6804.0795546728,6864.48151820168
92,29,6900.95765741805,6961.35962094693
92,31,6287.35080549477,6347.75276902365
92,32,7596.18451117453,7656.58647470342
92,34,5431.37551423925,5491.77747776814
92,35,5762.92571066349,5823.32767419237
92,36,6627.67849616472,6688.0804596936
92,37,5240.90737487525,5301.30933840413
92,38,7464.91357841043,7525.31554193932
92,39,5961.95094398399,6022.35290751288
92,41,6828.13082147511,6888.532785004
92,43,6937.37619572326,6997.77815925215
92,44,5948.3216,6008.72356352888
92,45,5987.2686571997,6047.67062072859
93,1,7092.47490972361,7152.87687325249
93,2,6727.62390965703,6788.02587318591
93,3,3732.54232393209,3792.94428746097
93,4,8258.54102823122,8318.9429917601
93,5,6408.62686539074,6469.02882891962
93,6,6408.73292811054,6469.13489163943
93,7,4956.59437146369,5016.99633499257
93,8,6572.42108246825,6632.82304599713
93,10,6333.87640246065,6394.27836598953
93,11,7408.22016428865,7468.62212781753
93,12,6367.73455023943,6428.13651376831
93,13,5756.8748,5817.27676352888
93,15,6875.45507992919,6935.85704345807
93,16,7656.9504,7717.35236352888
93,17,4526.6481961892,4587.05015971809
93,18,6361.45713155307,6421.85909508195
93,19,4723.7356,4784.13756352888
93,21,7766.3702,7826.77216352888
93,24,7493.6418,7554.04376352888
93,25,8039.7542,8100.15616352888
93,26,6703.08071778599,6763.48268131487
93,29,6618.75368273702,6679.1556462659
93,31,6009.27394474906,6069.67590827795
93,32,7493.66558353672,7554.06754706561
93,34,5689.75740936892,5750.15937289781
93,35,5752.10035228338,5812.50231581227
93,36,6647.93685740143,6708.33882093031
93,37,5275.33765811846,5335.73962164735
93,38,7307.41383901624,7367.81580254512
93,39,5971.40967017283,6031.81163370171
93,41,6629.95122851418,6690.35319204306
93,43,6391.44676126856,6451.84872479745
93,44,5730.84242102611,5791.24438455499
93,45,6236.92055701236,6297.32252054124
94,1,6896.17235200735,6951.0832279427
94,2,6915.87916703249,6970.79004296784
94,3,3706.54106149732,3761.45193743267
94,4,8259.44944548644,8314.36032142179
94,5,6582.70831020993,6637.61918614527
94,6,6900.96370685577,6955.87458279112
94,7,4968.27658827222,5023.18746420757
94,8,7318.07197076004,7372.98284669539
94,10,7093.53750754376,7148.44838347911
94,11,7701.89354673856,7756.80442267391
94,12,6496.44368164966,6551.35455758501
94,13,6435.20508155251,6490.11595748786
94,15,7482.19263127527,7537.10350721062
94,16,8014.38520425778,8069.29608019313
94,17,4459.28030648865,4514.191182424
94,18,6745.10252485633,6800.01340079167
94,19,4833.22480074424,4888.13567667959
94,21,8384.89298393538,8439.80385987073
94,24,7880.80942485588,7935.72030079123
94,25,8324.00152792594,8378.91240386129
94,26,6980.09761426056,7035.00849019591
94,29,6609.02454624907,6663.93542218442
94,31,6222.8875017183,6277.79837765365
94,32,7946.53978434034,8001.45066027569
94,34,5612.5658328654,5667.47670880075
94,35,5832.40064749442,5887.31152342977
94,36,6875.11905792425,6930.0299338596
94,37,5434.80546637994,5489.71634231529
94,38,8292.27017218385,8347.1810481192
94,39,5860.90133713375,5915.8122130691
94,41,6745.69744495612,6800.60832089147
94,43,6867.86178011622,6922.77265605157
94,44,6175.6381954144,6230.54907134974
94,45,6260.41895629178,6315.32983222713
70,1,6799.43797561279,6854.34885154814
70,2,6399.17777139297,6454.08864732832
70,3,3761.59997620228,3816.51085213763
70,4,7621.07236436316,7675.98324029851
70,5,6371.44070785587,6426.35158379122
70,6,6357.16695474699,6412.07783068234
70,7,4787.61317389062,4842.52404982597
70,8,6558.56673515441,6613.47761108976
70,10,6343.56339973976,6398.47427567511
70,11,7018.66154664514,7073.57242258049
70,12,5932.03368505852,5986.94456099386
70,13,5859.11367540152,5914.02455133687
70,15,6870.06846198688,6924.97933792222
70,16,7295.23759400077,7350.14846993612
70,17,4520.08239657805,4574.9932725134
70,18,6332.32581480368,6387.23669073903
70,19,4624.62266678456,4679.53354271991
70,21,7915.27032103266,7970.181196968
70,24,7349.92140488727,7404.83228082262
70,25,7469.63270135999,7524.54357729534
70,26,6275.38559436303,6330.29647029838
70,29,6545.11342812529,6600.02430406064
70,31,5863.80242468215,5918.7133006175
70,32,7188.44446206572,7243.35533800107
70,34,5154.41287281237,5209.32374874772
70,35,5247.83535858389,5302.74623451924
70,36,6451.42154743197,6506.33242336732
70,37,4926.90788947324,4981.81876540859
70,38,7278.57224749008,7333.48312342543
70,39,5767.39641039607,5822.30728633142
70,41,6441.94934594142,6496.86022187677
70,43,6191.90356357745,6246.81443951279
70,44,5811.84417346683,5866.75504940218
70,45,5610.26853888283,5665.17941481818
71,1,7059.9777089051,7120.37967243398
71,2,6427.37325951905,6487.77522304793
71,3,3756.49656771757,3816.89853124646
71,4,7603.56482471825,7663.96678824713
71,5,6348.87852965202,6409.28049318091
71,6,6547.1216,6607.52356352888
71,7,4705.9602,4766.36216352888
71,8,6790.6058,6851.00776352888
71,10,6544.1268,6604.52876352888
71,11,7334.5798,7394.98176352888
71,12,6041.39382074702,6101.7957842759
71,13,5994.76,6055.16196352888
71,15,6991.70256364354,7052.10452717242
71,16,7279.0912,7339.49316352888
71,17,4487.7616,4548.16356352888
71,18,6689.9346,6750.33656352888
71,19,4675.5662,4735.96816352888
71,21,7913.9824,7974.38436352888
71,24,7680.14853194972,7740.55049547861
71,25,8239.283,8299.68496352888
71,26,6219.345,6279.74696352888
71,29,6694.5652,6754.96716352888
71,31,6217.9158,6278.31776352888
71,32,7370.057,7430.45896352888
71,34,5063.738,5124.13996352888
71,35,5423.8842,5484.28616352888
71,36,6773.26308387555,6833.66504740443
71,37,4916.26333873781,4976.66530226669
71,38,7218.68997299549,7279.09193652437
71,39,5844.87523935508,5905.27720288396
71,41,6455.76653953304,6516.16850306192
71,43,6407.88256576333,6468.28452929222
71,44,5839.94927053491,5900.3512340638
71,45,5660.86510467457,5721.26706820346
73,1,6819.4528,6879.85476352888
73,2,6334.47479066479,6394.87675419367
73,3,3753.6783543117,3814.08031784059
73,4,7623.47818009907,7683.88014362796
73,5,6269.28053672401,6329.68250025289
73,6,6336.21026268437,6396.61222621325
73,7,4884.33712569429,4944.73908922317
73,8,6504.60020225978,6565.00216578866
73,10,6353.68751585036,6414.08947937924
73,11,7083.15979946919,7143.56176299808
73,12,5966.10182651005,6026.50379003894
73,13,5732.09264147546,5792.49460500434
73,15,6800.94109484527,6861.34305837415
73,16,7219.58537057927,7279.98733410816
73,17,4453.52635059541,4513.9283141243
73,18,6344.84460234535,6405.24656587423
73,19,4693.67689302549,4754.07885655438
73,21,7909.97394381708,7970.37590734596
73,24,7388.14667662273,7448.54864015161
73,25,7841.59044226748,7901.99240579637
73,26,6258.85200302021,6319.25396654909
73,29,6592.03227380601,6652.43423733489
73,31,5899.39678991204,5959.79875344092
73,32,7239.46134975582,7299.8633132847
73,34,5210.25419585227,5270.65615938115
73,35,5388.21785512762,5448.6198186565
73,36,6451.02915670938,6511.43112023827
73,37,4941.17110820696,5001.57307173585
73,38,7235.41736139568,7295.81932492456
73,39,5757.57056657412,5817.972530103
73,41,6479.66200438591,6540.06396791479
73,43,6232.11827297841,6292.52023650729
73,44,5668.52292546456,5728.92488899344
73,45,5682.5712384299,5742.97320195878
74,1,7148.6874,7203.59827593535
74,2,6742.074,6796.98487593535
74,3,3637.21237350869,3692.12324944404
74,4,7739.0646,7793.97547593535
74,5,6595.7408,6650.65167593535
74,6,6489.451,6544.36187593535
74,7,4828.95,4883.86087593535
74,8,7112.78166641409,7167.69254234944
74,10,6546.6036,6601.51447593535
74,11,7338.21166693349,7393.12254286884
74,12,6088.1996,6143.11047593535
74,13,6217.2672,6272.17807593535
74,15,7192.35836951621,7247.26924545156
74,16,7554.8722,7609.78307593535
74,17,4429.4702,4484.38107593535
74,18,6515.8234,6570.73427593535
74,19,4545.008,4599.91887593535
74,21,8184.0336,8238.94447593535
74,24,7479.8336,7534.74447593535
74,25,8153.49717057804,8208.40804651339
74,26,6387.5702,6442.48107593535
74,29,6410.5222,6465.43307593535
74,31,6045.89540165998,6100.80627759533
74,32,7712.6776,7767.58847593535
74,34,5164.8772,5219.78807593535
74,35,5444.6876,5499.59847593535
74,36,6896.75871302945,6951.66958896479
74,37,5058.68632700662,5113.59720294196
74,38,7701.00701631257,7755.91789224792
74,39,5741.13667911289,5796.04755504824
74,41,6573.4446920688,6628.35556800415
74,43,6338.19706587234,6393.10794180769
74,44,6016.17506802132,6071.08594395667
74,45,5746.12518854967,5801.03606448502
